{"brokenpowerlaw.refer": 5618.463043287778, "brokenpowerlaw.ampl": 39.59522531061915, "brokenpowerlaw.index1": -2.044820704009525, "brokenpowerlaw.index2": -0.05340552736696909, "_MgII_2800.ampl": 61.58013669686552, "_MgII_2800.offs_kms": 316.3458650537676, "_MgII_2800.fwhm": 5441.8241784326965, "nr_OIII5007.ampl": 28.43715059147119, "nr_OIII5007.offs_kms": 0.03548183900625929, "nr_OIII5007.fwhm": 1149.3768057178745, "nr_NII6584.ampl": 5.132550778759679, "nr_[OII]_3726.ampl": 0.03548183900625929, "nr_[OII]_3728.ampl": 7.453801113451505, "nr_[NeIII]_3868.ampl": 4.819182506031693, "nr_[OIII]_4363.ampl": 5.556919130773684, "nr_Heps_3970.ampl": 0.03548183900625929, "nr_Hd_4101.ampl": 3.3016471810882457, "nr_Hg_4340.ampl": 0.19768505504521294, "nr_Hb_4861.ampl": 0.03548183900625929, "feii.amp_a2D2": 0.023000444696343547, "feii.amp_a4H": 0.023619542953725217, "feii.amp_a6S": 5.01177989429263, "feii.amp_b4F": 2.4787196404545684, "feii.amp_b4P": 0.02105660296423902, "feii.amp_y4G": 0.023334384611147858, "feii.amp_x4D": 0.32344760641156506, "feii.offs_kms": 756.6695286489771, "feii.fwhm": 2922.4944443714503, "he.amp_HeII_2733": 2.85540882297136, "he.amp_HeI_2945": 8.69784712583613, "he.amp_HeI_3188": 13.202096737481167, "he.amp_HeII_3203": 6.4288659213250465, "he.amp_HeI_4144": 0.020648854158193126, "he.amp_HeI_4471": 0.02800496219051037, "he.amp_HeII_4686": 0.023194681068591, "he.offs_kms": 1886.0159086169608, "he.fwhm": 6923.833063832397, "br.amp_Heps_3970": 0.027467918432746756, "br.amp_Hd_4102": 0.028342844955420998, "br.amp_Hg_4340": 16.490640354237456, "br.amp_Hb_4861": 54.09960910873501, "br.offs_kms": 437.9366089371163, "br.fwhm": 4150.906697241156}