{"brokenpowerlaw.refer": 5710.0, "brokenpowerlaw.ampl": 129.86901109530075, "brokenpowerlaw.index1": -1.3771406239090862, "brokenpowerlaw.index2": 0.32006529428635505, "br.amp_Hd_4102": 2.8809306346181347, "br.amp_Hg_4340": 24.74633903819855, "br.amp_Hb_4861": 86.34744826876637, "br.amp_Ha_6563": 141.28853640648126, "br.offs_kms": 260.3699250048785, "br.fwhm": 6242.676003448191, "nr_OIII5007.ampl": 102.26752337109797, "nr_OIII5007.offs_kms": 0.0, "nr_OIII5007.fwhm": 1200.0, "nr_NII6584.ampl": 294.7856572612486, "nr_[OIII]_4363.ampl": 27.08849625647296, "nr_[OI]_6300.ampl": 12.442585703227442, "nr_[OI]_6363.ampl": 9.875997190516573, "nr_[SII]_6716.ampl": 7.608929869605028, "nr_[SII]_6730.ampl": 13.521982839245275, "nr_[OII]_7330.ampl": 10.868110456216048, "nr_Hd_4101.ampl": 32.94175052201867, "nr_Hg_4340.ampl": 70.0931186258858, "nr_Hb_4861.ampl": 177.0017305978216, "nr_Ha_6562.ampl": 500.0, "feii.amp_a2D2": 8.60653617697092, "feii.amp_a4G": 40.88105987255505, "feii.amp_a4H": 20.072730719007797, "feii.amp_a6S": 27.51979291204973, "feii.amp_b2H": 7.4143038901301255, "feii.amp_b4D": 7.6906696751367924, "feii.amp_b4F": 25.054481142240583, "feii.amp_b4P": 16.51129925312227, "feii.amp_e4D": 295.77877407014574, "feii.amp_e6D": 2.0, "feii.amp_z4D": 17.274844487812597, "feii.amp_z4F": 70.7284832450999, "feii.amp_z4P": 3.746342593697451, "feii.amp_y4G": 5.858674109983188, "feii.amp_b4G": 11.971212098300692, "feii.amp_x4D": 16.993682006253923, "feii.amp_y4P": 20.952452272953224, "feii.offs_kms": 306.1504772789426, "feii.fwhm": 2000.0, "he.amp_HeI_4144": 0.0, "he.amp_HeI_4471": 16.11866372476184, "he.amp_HeII_4686": 11.518953936147636, "he.amp_HeI_5877": 14.676626732101699, "he.amp_HeI_7065": 0.0, "he.amp_HeI_7281": 9.844560243649784, "he.amp_HeI_7816": 600.0, "he.offs_kms": 183.10839911228535, "he.fwhm": 3041.135188263513}